,benchmark,config,time (ns)
0,bench_calc.mor,llvm-record_time-default-rc-cow,289890502
1,bench_calc.mor,llvm-record_time-default-rc-cow,289464637
2,bench_calc.mor,llvm-record_time-default-rc-cow,289722397
3,bench_calc.mor,llvm-record_time-default-rc-cow,289449547
4,bench_calc.mor,llvm-record_time-default-rc-cow,289286514
5,bench_calc.mor,llvm-record_time-default-rc-cow,289188117
6,bench_calc.mor,llvm-record_time-default-rc-cow,290645446
7,bench_calc.mor,llvm-record_time-default-rc-cow,289249688
8,bench_calc.mor,llvm-record_time-default-rc-cow,289847528
9,bench_calc.mor,llvm-record_time-default-rc-cow,289474555
10,bench_calc.mor,llvm-record_time-default-rc-persistent,333756353
11,bench_calc.mor,llvm-record_time-default-rc-persistent,333329888
12,bench_calc.mor,llvm-record_time-default-rc-persistent,333528489
13,bench_calc.mor,llvm-record_time-default-rc-persistent,333593068
14,bench_calc.mor,llvm-record_time-default-rc-persistent,333547636
15,bench_calc.mor,llvm-record_time-default-rc-persistent,333297652
16,bench_calc.mor,llvm-record_time-default-rc-persistent,333136045
17,bench_calc.mor,llvm-record_time-default-rc-persistent,333449207
18,bench_calc.mor,llvm-record_time-default-rc-persistent,334448625
19,bench_calc.mor,llvm-record_time-default-rc-persistent,333365940
20,bench_calc.mor,llvm-record_time-perceus-rc-cow,798214801
21,bench_calc.mor,llvm-record_time-perceus-rc-cow,797924352
22,bench_calc.mor,llvm-record_time-perceus-rc-cow,797850666
23,bench_calc.mor,llvm-record_time-perceus-rc-cow,797413371
24,bench_calc.mor,llvm-record_time-perceus-rc-cow,798513177
25,bench_calc.mor,llvm-record_time-perceus-rc-cow,799751527
26,bench_calc.mor,llvm-record_time-perceus-rc-cow,796909758
27,bench_calc.mor,llvm-record_time-perceus-rc-cow,798678030
28,bench_calc.mor,llvm-record_time-perceus-rc-cow,797266688
29,bench_calc.mor,llvm-record_time-perceus-rc-cow,800130227
30,bench_calc.mor,llvm-record_time-perceus-rc-persistent,1052396880
31,bench_calc.mor,llvm-record_time-perceus-rc-persistent,1049534053
32,bench_calc.mor,llvm-record_time-perceus-rc-persistent,1047888713
33,bench_calc.mor,llvm-record_time-perceus-rc-persistent,1046769106
34,bench_calc.mor,llvm-record_time-perceus-rc-persistent,1048330259
35,bench_calc.mor,llvm-record_time-perceus-rc-persistent,1048417605
36,bench_calc.mor,llvm-record_time-perceus-rc-persistent,1050535494
37,bench_calc.mor,llvm-record_time-perceus-rc-persistent,1048086763
38,bench_calc.mor,llvm-record_time-perceus-rc-persistent,1048336341
39,bench_calc.mor,llvm-record_time-perceus-rc-persistent,1048195319
40,bench_calc.mor,llvm-record_time-default-bdw-persistent,303840139
41,bench_calc.mor,llvm-record_time-default-bdw-persistent,303212601
42,bench_calc.mor,llvm-record_time-default-bdw-persistent,303591531
43,bench_calc.mor,llvm-record_time-default-bdw-persistent,305155590
44,bench_calc.mor,llvm-record_time-default-bdw-persistent,303281646
45,bench_calc.mor,llvm-record_time-default-bdw-persistent,302907630
46,bench_calc.mor,llvm-record_time-default-bdw-persistent,303484582
47,bench_calc.mor,llvm-record_time-default-bdw-persistent,302695805
48,bench_calc.mor,llvm-record_time-default-bdw-persistent,303994201
49,bench_calc.mor,llvm-record_time-default-bdw-persistent,302667064
50,bench_calc.mor,llvm-record_time-perceus-bdw-persistent,316601855
51,bench_calc.mor,llvm-record_time-perceus-bdw-persistent,316140360
52,bench_calc.mor,llvm-record_time-perceus-bdw-persistent,318665229
53,bench_calc.mor,llvm-record_time-perceus-bdw-persistent,316254770
54,bench_calc.mor,llvm-record_time-perceus-bdw-persistent,316344593
55,bench_calc.mor,llvm-record_time-perceus-bdw-persistent,316861386
56,bench_calc.mor,llvm-record_time-perceus-bdw-persistent,316514561
57,bench_calc.mor,llvm-record_time-perceus-bdw-persistent,316576354
58,bench_calc.mor,llvm-record_time-perceus-bdw-persistent,317460773
59,bench_calc.mor,llvm-record_time-perceus-bdw-persistent,317368715
60,bench_calc.mor,sml-typed,4910543000
61,bench_calc.mor,sml-typed,4906539000
62,bench_calc.mor,sml-typed,4909824000
63,bench_calc.mor,sml-typed,4917139000
64,bench_calc.mor,sml-typed,4909503000
65,bench_calc.mor,sml-typed,4905792000
66,bench_calc.mor,sml-typed,4910800000
67,bench_calc.mor,sml-typed,4906218000
68,bench_calc.mor,sml-typed,4909548000
69,bench_calc.mor,sml-typed,4913300000
70,bench_calc.mor,sml-first_order,3580869000
71,bench_calc.mor,sml-first_order,3582685000
72,bench_calc.mor,sml-first_order,3584269000
73,bench_calc.mor,sml-first_order,3582329000
74,bench_calc.mor,sml-first_order,3575427000
75,bench_calc.mor,sml-first_order,3576788000
76,bench_calc.mor,sml-first_order,3575376000
77,bench_calc.mor,sml-first_order,3575538000
78,bench_calc.mor,sml-first_order,3586206000
79,bench_calc.mor,sml-first_order,3578862000
80,bench_calc.mor,ocaml-typed,15718383926
81,bench_calc.mor,ocaml-typed,15646922488
82,bench_calc.mor,ocaml-typed,15763113165
83,bench_calc.mor,ocaml-typed,15638119120
84,bench_calc.mor,ocaml-typed,15701833865
85,bench_calc.mor,ocaml-typed,15762043384
86,bench_calc.mor,ocaml-typed,15702525279
87,bench_calc.mor,ocaml-typed,15616327419
88,bench_calc.mor,ocaml-typed,15713904526
89,bench_calc.mor,ocaml-typed,15638507983
90,bench_calc.mor,ocaml-first_order,14009303468
91,bench_calc.mor,ocaml-first_order,13936154978
92,bench_calc.mor,ocaml-first_order,14003727092
93,bench_calc.mor,ocaml-first_order,13952074897
94,bench_calc.mor,ocaml-first_order,13998563903
95,bench_calc.mor,ocaml-first_order,13948049447
96,bench_calc.mor,ocaml-first_order,13992947485
97,bench_calc.mor,ocaml-first_order,13921332977
98,bench_calc.mor,ocaml-first_order,13998392005
99,bench_calc.mor,ocaml-first_order,13928541322
100,bench_cfold.mor,llvm-record_time-default-rc-cow,174521864
101,bench_cfold.mor,llvm-record_time-default-rc-cow,175212721
102,bench_cfold.mor,llvm-record_time-default-rc-cow,173554806
103,bench_cfold.mor,llvm-record_time-default-rc-cow,174147543
104,bench_cfold.mor,llvm-record_time-default-rc-cow,173127929
105,bench_cfold.mor,llvm-record_time-default-rc-cow,174122751
106,bench_cfold.mor,llvm-record_time-default-rc-cow,173986961
107,bench_cfold.mor,llvm-record_time-default-rc-cow,174374395
108,bench_cfold.mor,llvm-record_time-default-rc-cow,173305689
109,bench_cfold.mor,llvm-record_time-default-rc-cow,174353811
110,bench_cfold.mor,llvm-record_time-default-rc-persistent,171959153
111,bench_cfold.mor,llvm-record_time-default-rc-persistent,170599513
112,bench_cfold.mor,llvm-record_time-default-rc-persistent,171097187
113,bench_cfold.mor,llvm-record_time-default-rc-persistent,170988000
114,bench_cfold.mor,llvm-record_time-default-rc-persistent,171257829
115,bench_cfold.mor,llvm-record_time-default-rc-persistent,170689508
116,bench_cfold.mor,llvm-record_time-default-rc-persistent,171301741
117,bench_cfold.mor,llvm-record_time-default-rc-persistent,171403725
118,bench_cfold.mor,llvm-record_time-default-rc-persistent,171996941
119,bench_cfold.mor,llvm-record_time-default-rc-persistent,172026092
120,bench_cfold.mor,llvm-record_time-perceus-rc-cow,199936897
121,bench_cfold.mor,llvm-record_time-perceus-rc-cow,198376206
122,bench_cfold.mor,llvm-record_time-perceus-rc-cow,198913577
123,bench_cfold.mor,llvm-record_time-perceus-rc-cow,198206525
124,bench_cfold.mor,llvm-record_time-perceus-rc-cow,199100304
125,bench_cfold.mor,llvm-record_time-perceus-rc-cow,198424708
126,bench_cfold.mor,llvm-record_time-perceus-rc-cow,199299481
127,bench_cfold.mor,llvm-record_time-perceus-rc-cow,198389349
128,bench_cfold.mor,llvm-record_time-perceus-rc-cow,199142408
129,bench_cfold.mor,llvm-record_time-perceus-rc-cow,198217323
130,bench_cfold.mor,llvm-record_time-perceus-rc-persistent,200935333
131,bench_cfold.mor,llvm-record_time-perceus-rc-persistent,201450990
132,bench_cfold.mor,llvm-record_time-perceus-rc-persistent,200951352
133,bench_cfold.mor,llvm-record_time-perceus-rc-persistent,202007432
134,bench_cfold.mor,llvm-record_time-perceus-rc-persistent,200295000
135,bench_cfold.mor,llvm-record_time-perceus-rc-persistent,200752837
136,bench_cfold.mor,llvm-record_time-perceus-rc-persistent,199903286
137,bench_cfold.mor,llvm-record_time-perceus-rc-persistent,202151578
138,bench_cfold.mor,llvm-record_time-perceus-rc-persistent,200608623
139,bench_cfold.mor,llvm-record_time-perceus-rc-persistent,201149634
140,bench_cfold.mor,llvm-record_time-default-bdw-persistent,161050651
141,bench_cfold.mor,llvm-record_time-default-bdw-persistent,162953955
142,bench_cfold.mor,llvm-record_time-default-bdw-persistent,163682307
143,bench_cfold.mor,llvm-record_time-default-bdw-persistent,163534607
144,bench_cfold.mor,llvm-record_time-default-bdw-persistent,161468011
145,bench_cfold.mor,llvm-record_time-default-bdw-persistent,163645965
146,bench_cfold.mor,llvm-record_time-default-bdw-persistent,162035184
147,bench_cfold.mor,llvm-record_time-default-bdw-persistent,163186589
148,bench_cfold.mor,llvm-record_time-default-bdw-persistent,160256405
149,bench_cfold.mor,llvm-record_time-default-bdw-persistent,163528923
150,bench_cfold.mor,llvm-record_time-perceus-bdw-persistent,165056507
151,bench_cfold.mor,llvm-record_time-perceus-bdw-persistent,167036304
152,bench_cfold.mor,llvm-record_time-perceus-bdw-persistent,165526759
153,bench_cfold.mor,llvm-record_time-perceus-bdw-persistent,167381257
154,bench_cfold.mor,llvm-record_time-perceus-bdw-persistent,165194932
155,bench_cfold.mor,llvm-record_time-perceus-bdw-persistent,167069813
156,bench_cfold.mor,llvm-record_time-perceus-bdw-persistent,164874120
157,bench_cfold.mor,llvm-record_time-perceus-bdw-persistent,167305513
158,bench_cfold.mor,llvm-record_time-perceus-bdw-persistent,165151126
159,bench_cfold.mor,llvm-record_time-perceus-bdw-persistent,167159467
160,bench_cfold.mor,sml-typed,105605000
161,bench_cfold.mor,sml-typed,106148000
162,bench_cfold.mor,sml-typed,105186000
163,bench_cfold.mor,sml-typed,105481000
164,bench_cfold.mor,sml-typed,105559000
165,bench_cfold.mor,sml-typed,105918000
166,bench_cfold.mor,sml-typed,105475000
167,bench_cfold.mor,sml-typed,105897000
168,bench_cfold.mor,sml-typed,105344000
169,bench_cfold.mor,sml-typed,106105000
170,bench_cfold.mor,sml-first_order,105495000
171,bench_cfold.mor,sml-first_order,105879000
172,bench_cfold.mor,sml-first_order,105254000
173,bench_cfold.mor,sml-first_order,105418000
174,bench_cfold.mor,sml-first_order,105495000
175,bench_cfold.mor,sml-first_order,106341000
176,bench_cfold.mor,sml-first_order,105349000
177,bench_cfold.mor,sml-first_order,106191000
178,bench_cfold.mor,sml-first_order,105360000
179,bench_cfold.mor,sml-first_order,105899000
180,bench_cfold.mor,ocaml-typed,225416893
181,bench_cfold.mor,ocaml-typed,225941175
182,bench_cfold.mor,ocaml-typed,224282736
183,bench_cfold.mor,ocaml-typed,225779051
184,bench_cfold.mor,ocaml-typed,225644107
185,bench_cfold.mor,ocaml-typed,225992675
186,bench_cfold.mor,ocaml-typed,225408073
187,bench_cfold.mor,ocaml-typed,225813858
188,bench_cfold.mor,ocaml-typed,224395985
189,bench_cfold.mor,ocaml-typed,226259225
190,bench_cfold.mor,ocaml-first_order,224085803
191,bench_cfold.mor,ocaml-first_order,219530815
192,bench_cfold.mor,ocaml-first_order,218525166
193,bench_cfold.mor,ocaml-first_order,219243045
194,bench_cfold.mor,ocaml-first_order,218438620
195,bench_cfold.mor,ocaml-first_order,220245117
196,bench_cfold.mor,ocaml-first_order,217712873
197,bench_cfold.mor,ocaml-first_order,219463821
198,bench_cfold.mor,ocaml-first_order,218376869
199,bench_cfold.mor,ocaml-first_order,219357962
200,bench_deriv.mor,llvm-record_time-default-rc-cow,291211979
201,bench_deriv.mor,llvm-record_time-default-rc-cow,293224983
202,bench_deriv.mor,llvm-record_time-default-rc-cow,290551314
203,bench_deriv.mor,llvm-record_time-default-rc-cow,291912509
204,bench_deriv.mor,llvm-record_time-default-rc-cow,289431632
205,bench_deriv.mor,llvm-record_time-default-rc-cow,292729062
206,bench_deriv.mor,llvm-record_time-default-rc-cow,289816627
207,bench_deriv.mor,llvm-record_time-default-rc-cow,284821512
208,bench_deriv.mor,llvm-record_time-default-rc-cow,292934862
209,bench_deriv.mor,llvm-record_time-default-rc-cow,289550225
210,bench_deriv.mor,llvm-record_time-default-rc-persistent,348087454
211,bench_deriv.mor,llvm-record_time-default-rc-persistent,351517558
212,bench_deriv.mor,llvm-record_time-default-rc-persistent,351109388
213,bench_deriv.mor,llvm-record_time-default-rc-persistent,352905803
214,bench_deriv.mor,llvm-record_time-default-rc-persistent,348519770
215,bench_deriv.mor,llvm-record_time-default-rc-persistent,350164876
216,bench_deriv.mor,llvm-record_time-default-rc-persistent,347801550
217,bench_deriv.mor,llvm-record_time-default-rc-persistent,352344734
218,bench_deriv.mor,llvm-record_time-default-rc-persistent,346991460
219,bench_deriv.mor,llvm-record_time-default-rc-persistent,353519356
220,bench_deriv.mor,llvm-record_time-perceus-rc-cow,676801198
221,bench_deriv.mor,llvm-record_time-perceus-rc-cow,676239045
222,bench_deriv.mor,llvm-record_time-perceus-rc-cow,674096236
223,bench_deriv.mor,llvm-record_time-perceus-rc-cow,676779292
224,bench_deriv.mor,llvm-record_time-perceus-rc-cow,681058983
225,bench_deriv.mor,llvm-record_time-perceus-rc-cow,679610270
226,bench_deriv.mor,llvm-record_time-perceus-rc-cow,675565423
227,bench_deriv.mor,llvm-record_time-perceus-rc-cow,674017850
228,bench_deriv.mor,llvm-record_time-perceus-rc-cow,675469524
229,bench_deriv.mor,llvm-record_time-perceus-rc-cow,674553743
230,bench_deriv.mor,llvm-record_time-perceus-rc-persistent,814584249
231,bench_deriv.mor,llvm-record_time-perceus-rc-persistent,812800610
232,bench_deriv.mor,llvm-record_time-perceus-rc-persistent,812312645
233,bench_deriv.mor,llvm-record_time-perceus-rc-persistent,813259415
234,bench_deriv.mor,llvm-record_time-perceus-rc-persistent,810708759
235,bench_deriv.mor,llvm-record_time-perceus-rc-persistent,813379931
236,bench_deriv.mor,llvm-record_time-perceus-rc-persistent,814020234
237,bench_deriv.mor,llvm-record_time-perceus-rc-persistent,812420045
238,bench_deriv.mor,llvm-record_time-perceus-rc-persistent,811909710
239,bench_deriv.mor,llvm-record_time-perceus-rc-persistent,815171109
240,bench_deriv.mor,llvm-record_time-default-bdw-persistent,380770425
241,bench_deriv.mor,llvm-record_time-default-bdw-persistent,381014280
242,bench_deriv.mor,llvm-record_time-default-bdw-persistent,384135076
243,bench_deriv.mor,llvm-record_time-default-bdw-persistent,380240374
244,bench_deriv.mor,llvm-record_time-default-bdw-persistent,384041092
245,bench_deriv.mor,llvm-record_time-default-bdw-persistent,380479656
246,bench_deriv.mor,llvm-record_time-default-bdw-persistent,384213580
247,bench_deriv.mor,llvm-record_time-default-bdw-persistent,379863280
248,bench_deriv.mor,llvm-record_time-default-bdw-persistent,378418123
249,bench_deriv.mor,llvm-record_time-default-bdw-persistent,384461491
250,bench_deriv.mor,llvm-record_time-perceus-bdw-persistent,379817562
251,bench_deriv.mor,llvm-record_time-perceus-bdw-persistent,383205078
252,bench_deriv.mor,llvm-record_time-perceus-bdw-persistent,380282695
253,bench_deriv.mor,llvm-record_time-perceus-bdw-persistent,383350990
254,bench_deriv.mor,llvm-record_time-perceus-bdw-persistent,380291537
255,bench_deriv.mor,llvm-record_time-perceus-bdw-persistent,383933018
256,bench_deriv.mor,llvm-record_time-perceus-bdw-persistent,381230754
257,bench_deriv.mor,llvm-record_time-perceus-bdw-persistent,380087443
258,bench_deriv.mor,llvm-record_time-perceus-bdw-persistent,378016348
259,bench_deriv.mor,llvm-record_time-perceus-bdw-persistent,384780011
260,bench_deriv.mor,sml-typed,120522000
261,bench_deriv.mor,sml-typed,121663000
262,bench_deriv.mor,sml-typed,121143000
263,bench_deriv.mor,sml-typed,121699000
264,bench_deriv.mor,sml-typed,120542000
265,bench_deriv.mor,sml-typed,121292000
266,bench_deriv.mor,sml-typed,120639000
267,bench_deriv.mor,sml-typed,122037000
268,bench_deriv.mor,sml-typed,120728000
269,bench_deriv.mor,sml-typed,117399000
270,bench_deriv.mor,sml-first_order,120924000
271,bench_deriv.mor,sml-first_order,121363000
272,bench_deriv.mor,sml-first_order,120877000
273,bench_deriv.mor,sml-first_order,120501000
274,bench_deriv.mor,sml-first_order,121149000
275,bench_deriv.mor,sml-first_order,121670000
276,bench_deriv.mor,sml-first_order,121387000
277,bench_deriv.mor,sml-first_order,120965000
278,bench_deriv.mor,sml-first_order,121307000
279,bench_deriv.mor,sml-first_order,120684000
280,bench_deriv.mor,ocaml-typed,357737059
281,bench_deriv.mor,ocaml-typed,355608221
282,bench_deriv.mor,ocaml-typed,354441160
283,bench_deriv.mor,ocaml-typed,352840657
284,bench_deriv.mor,ocaml-typed,356831069
285,bench_deriv.mor,ocaml-typed,353978152
286,bench_deriv.mor,ocaml-typed,355274673
287,bench_deriv.mor,ocaml-typed,352617260
288,bench_deriv.mor,ocaml-typed,354742759
289,bench_deriv.mor,ocaml-typed,352674004
290,bench_deriv.mor,ocaml-first_order,351251598
291,bench_deriv.mor,ocaml-first_order,350949998
292,bench_deriv.mor,ocaml-first_order,352306838
293,bench_deriv.mor,ocaml-first_order,348319764
294,bench_deriv.mor,ocaml-first_order,352580064
295,bench_deriv.mor,ocaml-first_order,348461147
296,bench_deriv.mor,ocaml-first_order,350838179
297,bench_deriv.mor,ocaml-first_order,350149866
298,bench_deriv.mor,ocaml-first_order,350611204
299,bench_deriv.mor,ocaml-first_order,349066013
300,bench_lisp.mor,llvm-record_time-default-rc-cow,10455046142
301,bench_lisp.mor,llvm-record_time-default-rc-cow,10446390589
302,bench_lisp.mor,llvm-record_time-default-rc-cow,10660092834
303,bench_lisp.mor,llvm-record_time-default-rc-cow,10427035811
304,bench_lisp.mor,llvm-record_time-default-rc-cow,10444261498
305,bench_lisp.mor,llvm-record_time-default-rc-cow,10446679682
306,bench_lisp.mor,llvm-record_time-default-rc-cow,10446514454
307,bench_lisp.mor,llvm-record_time-default-rc-cow,10454270951
308,bench_lisp.mor,llvm-record_time-default-rc-cow,10462435592
309,bench_lisp.mor,llvm-record_time-default-rc-cow,10448667947
310,bench_lisp.mor,llvm-record_time-default-rc-persistent,17331525431
311,bench_lisp.mor,llvm-record_time-default-rc-persistent,17522618815
312,bench_lisp.mor,llvm-record_time-default-rc-persistent,17345017951
313,bench_lisp.mor,llvm-record_time-default-rc-persistent,17385523017
314,bench_lisp.mor,llvm-record_time-default-rc-persistent,17361865264
315,bench_lisp.mor,llvm-record_time-default-rc-persistent,17373214960
316,bench_lisp.mor,llvm-record_time-default-rc-persistent,17350649198
317,bench_lisp.mor,llvm-record_time-default-rc-persistent,17356001765
318,bench_lisp.mor,llvm-record_time-default-rc-persistent,17340763803
319,bench_lisp.mor,llvm-record_time-default-rc-persistent,17378095127
320,bench_lisp.mor,llvm-record_time-perceus-rc-cow,13924902885
321,bench_lisp.mor,llvm-record_time-perceus-rc-cow,13945066750
322,bench_lisp.mor,llvm-record_time-perceus-rc-cow,13944966689
323,bench_lisp.mor,llvm-record_time-perceus-rc-cow,13951024483
324,bench_lisp.mor,llvm-record_time-perceus-rc-cow,13960804431
325,bench_lisp.mor,llvm-record_time-perceus-rc-cow,13955758458
326,bench_lisp.mor,llvm-record_time-perceus-rc-cow,13965782594
327,bench_lisp.mor,llvm-record_time-perceus-rc-cow,13942183322
328,bench_lisp.mor,llvm-record_time-perceus-rc-cow,13929953300
329,bench_lisp.mor,llvm-record_time-perceus-rc-cow,13944209591
330,bench_lisp.mor,llvm-record_time-perceus-rc-persistent,21922704250
331,bench_lisp.mor,llvm-record_time-perceus-rc-persistent,21947355781
332,bench_lisp.mor,llvm-record_time-perceus-rc-persistent,21909418459
333,bench_lisp.mor,llvm-record_time-perceus-rc-persistent,21951803572
334,bench_lisp.mor,llvm-record_time-perceus-rc-persistent,21922405144
335,bench_lisp.mor,llvm-record_time-perceus-rc-persistent,21988689259
336,bench_lisp.mor,llvm-record_time-perceus-rc-persistent,21943633285
337,bench_lisp.mor,llvm-record_time-perceus-rc-persistent,23098373390
338,bench_lisp.mor,llvm-record_time-perceus-rc-persistent,21963622152
339,bench_lisp.mor,llvm-record_time-perceus-rc-persistent,21952189784
340,bench_lisp.mor,llvm-record_time-default-bdw-persistent,28536246787
341,bench_lisp.mor,llvm-record_time-default-bdw-persistent,28591094369
342,bench_lisp.mor,llvm-record_time-default-bdw-persistent,28872042390
343,bench_lisp.mor,llvm-record_time-default-bdw-persistent,28526111703
344,bench_lisp.mor,llvm-record_time-default-bdw-persistent,28807030551
345,bench_lisp.mor,llvm-record_time-default-bdw-persistent,28243515063
346,bench_lisp.mor,llvm-record_time-default-bdw-persistent,28563919216
347,bench_lisp.mor,llvm-record_time-default-bdw-persistent,28608846126
348,bench_lisp.mor,llvm-record_time-default-bdw-persistent,28509466071
349,bench_lisp.mor,llvm-record_time-default-bdw-persistent,28561247158
350,bench_lisp.mor,llvm-record_time-perceus-bdw-persistent,28607317336
351,bench_lisp.mor,llvm-record_time-perceus-bdw-persistent,28892783647
352,bench_lisp.mor,llvm-record_time-perceus-bdw-persistent,28477226598
353,bench_lisp.mor,llvm-record_time-perceus-bdw-persistent,28476373784
354,bench_lisp.mor,llvm-record_time-perceus-bdw-persistent,28351538485
355,bench_lisp.mor,llvm-record_time-perceus-bdw-persistent,28860619343
356,bench_lisp.mor,llvm-record_time-perceus-bdw-persistent,28485298529
357,bench_lisp.mor,llvm-record_time-perceus-bdw-persistent,28676738517
358,bench_lisp.mor,llvm-record_time-perceus-bdw-persistent,28400901297
359,bench_lisp.mor,llvm-record_time-perceus-bdw-persistent,28690182012
360,bench_lisp.mor,sml-typed,34647361000
361,bench_lisp.mor,sml-typed,34789595000
362,bench_lisp.mor,sml-typed,34618871000
363,bench_lisp.mor,sml-typed,34571953000
364,bench_lisp.mor,sml-typed,34511610000
365,bench_lisp.mor,sml-typed,34572425000
366,bench_lisp.mor,sml-typed,34509728000
367,bench_lisp.mor,sml-typed,34558105000
368,bench_lisp.mor,sml-typed,34562708000
369,bench_lisp.mor,sml-typed,34573787000
370,bench_lisp.mor,sml-first_order,33553252000
371,bench_lisp.mor,sml-first_order,33604259000
372,bench_lisp.mor,sml-first_order,33589413000
373,bench_lisp.mor,sml-first_order,33539636000
374,bench_lisp.mor,sml-first_order,33609604000
375,bench_lisp.mor,sml-first_order,33561615000
376,bench_lisp.mor,sml-first_order,33625802000
377,bench_lisp.mor,sml-first_order,33566234000
378,bench_lisp.mor,sml-first_order,33599177000
379,bench_lisp.mor,sml-first_order,33711195000
380,bench_lisp.mor,ocaml-typed,76570244297
381,bench_lisp.mor,ocaml-typed,76276273950
382,bench_lisp.mor,ocaml-typed,76987993701
383,bench_lisp.mor,ocaml-typed,76528420672
384,bench_lisp.mor,ocaml-typed,76567458138
385,bench_lisp.mor,ocaml-typed,76161500916
386,bench_lisp.mor,ocaml-typed,76657786835
387,bench_lisp.mor,ocaml-typed,76791654336
388,bench_lisp.mor,ocaml-typed,77869103180
389,bench_lisp.mor,ocaml-typed,76522133573
390,bench_lisp.mor,ocaml-first_order,74947997316
391,bench_lisp.mor,ocaml-first_order,74576888785
392,bench_lisp.mor,ocaml-first_order,74941096051
393,bench_lisp.mor,ocaml-first_order,74844119059
394,bench_lisp.mor,ocaml-first_order,74777528031
395,bench_lisp.mor,ocaml-first_order,74414609180
396,bench_lisp.mor,ocaml-first_order,74924807058
397,bench_lisp.mor,ocaml-first_order,74480398878
398,bench_lisp.mor,ocaml-first_order,74650250898
399,bench_lisp.mor,ocaml-first_order,74485597119
400,bench_nqueens_functional.mor,llvm-record_time-default-rc-cow,2018759953
401,bench_nqueens_functional.mor,llvm-record_time-default-rc-cow,2014841512
402,bench_nqueens_functional.mor,llvm-record_time-default-rc-cow,2006517867
403,bench_nqueens_functional.mor,llvm-record_time-default-rc-cow,2015822997
404,bench_nqueens_functional.mor,llvm-record_time-default-rc-cow,2010743124
405,bench_nqueens_functional.mor,llvm-record_time-default-rc-cow,2015387004
406,bench_nqueens_functional.mor,llvm-record_time-default-rc-cow,2009121083
407,bench_nqueens_functional.mor,llvm-record_time-default-rc-cow,2008444005
408,bench_nqueens_functional.mor,llvm-record_time-default-rc-cow,2014055733
409,bench_nqueens_functional.mor,llvm-record_time-default-rc-cow,2032090607
410,bench_nqueens_functional.mor,llvm-record_time-default-rc-persistent,4109449800
411,bench_nqueens_functional.mor,llvm-record_time-default-rc-persistent,4109888157
412,bench_nqueens_functional.mor,llvm-record_time-default-rc-persistent,4119210902
413,bench_nqueens_functional.mor,llvm-record_time-default-rc-persistent,4101495246
414,bench_nqueens_functional.mor,llvm-record_time-default-rc-persistent,4114404399
415,bench_nqueens_functional.mor,llvm-record_time-default-rc-persistent,4116034134
416,bench_nqueens_functional.mor,llvm-record_time-default-rc-persistent,4111262554
417,bench_nqueens_functional.mor,llvm-record_time-default-rc-persistent,4122795904
418,bench_nqueens_functional.mor,llvm-record_time-default-rc-persistent,4121228428
419,bench_nqueens_functional.mor,llvm-record_time-default-rc-persistent,4110955380
420,bench_nqueens_functional.mor,llvm-record_time-perceus-rc-cow,2038272264
421,bench_nqueens_functional.mor,llvm-record_time-perceus-rc-cow,2027731727
422,bench_nqueens_functional.mor,llvm-record_time-perceus-rc-cow,2034801323
423,bench_nqueens_functional.mor,llvm-record_time-perceus-rc-cow,2024655367
424,bench_nqueens_functional.mor,llvm-record_time-perceus-rc-cow,2026459636
425,bench_nqueens_functional.mor,llvm-record_time-perceus-rc-cow,2027984561
426,bench_nqueens_functional.mor,llvm-record_time-perceus-rc-cow,2031719229
427,bench_nqueens_functional.mor,llvm-record_time-perceus-rc-cow,2030360388
428,bench_nqueens_functional.mor,llvm-record_time-perceus-rc-cow,2039780289
429,bench_nqueens_functional.mor,llvm-record_time-perceus-rc-cow,2020273019
430,bench_nqueens_functional.mor,llvm-record_time-perceus-rc-persistent,4112765270
431,bench_nqueens_functional.mor,llvm-record_time-perceus-rc-persistent,4122432645
432,bench_nqueens_functional.mor,llvm-record_time-perceus-rc-persistent,4109612734
433,bench_nqueens_functional.mor,llvm-record_time-perceus-rc-persistent,4116914050
434,bench_nqueens_functional.mor,llvm-record_time-perceus-rc-persistent,4109819309
435,bench_nqueens_functional.mor,llvm-record_time-perceus-rc-persistent,4121380183
436,bench_nqueens_functional.mor,llvm-record_time-perceus-rc-persistent,4116991273
437,bench_nqueens_functional.mor,llvm-record_time-perceus-rc-persistent,4121486556
438,bench_nqueens_functional.mor,llvm-record_time-perceus-rc-persistent,4112310774
439,bench_nqueens_functional.mor,llvm-record_time-perceus-rc-persistent,4119591723
440,bench_nqueens_functional.mor,llvm-record_time-default-bdw-persistent,20390140523
441,bench_nqueens_functional.mor,llvm-record_time-default-bdw-persistent,20696260342
442,bench_nqueens_functional.mor,llvm-record_time-default-bdw-persistent,20507896449
443,bench_nqueens_functional.mor,llvm-record_time-default-bdw-persistent,21077973441
444,bench_nqueens_functional.mor,llvm-record_time-default-bdw-persistent,20330889357
445,bench_nqueens_functional.mor,llvm-record_time-default-bdw-persistent,20778525306
446,bench_nqueens_functional.mor,llvm-record_time-default-bdw-persistent,20702948899
447,bench_nqueens_functional.mor,llvm-record_time-default-bdw-persistent,20435310830
448,bench_nqueens_functional.mor,llvm-record_time-default-bdw-persistent,20627015080
449,bench_nqueens_functional.mor,llvm-record_time-default-bdw-persistent,20350719821
450,bench_nqueens_functional.mor,llvm-record_time-perceus-bdw-persistent,20837535538
451,bench_nqueens_functional.mor,llvm-record_time-perceus-bdw-persistent,20711759827
452,bench_nqueens_functional.mor,llvm-record_time-perceus-bdw-persistent,20738030034
453,bench_nqueens_functional.mor,llvm-record_time-perceus-bdw-persistent,20336681815
454,bench_nqueens_functional.mor,llvm-record_time-perceus-bdw-persistent,20731733508
455,bench_nqueens_functional.mor,llvm-record_time-perceus-bdw-persistent,20351112477
456,bench_nqueens_functional.mor,llvm-record_time-perceus-bdw-persistent,20773257854
457,bench_nqueens_functional.mor,llvm-record_time-perceus-bdw-persistent,21056837886
458,bench_nqueens_functional.mor,llvm-record_time-perceus-bdw-persistent,20766307855
459,bench_nqueens_functional.mor,llvm-record_time-perceus-bdw-persistent,20702493610
460,bench_nqueens_functional.mor,sml-typed,93365051000
461,bench_nqueens_functional.mor,sml-typed,93559806000
462,bench_nqueens_functional.mor,sml-typed,93167858000
463,bench_nqueens_functional.mor,sml-typed,93157007000
464,bench_nqueens_functional.mor,sml-typed,93076957000
465,bench_nqueens_functional.mor,sml-typed,93047656000
466,bench_nqueens_functional.mor,sml-typed,93046518000
467,bench_nqueens_functional.mor,sml-typed,93665247000
468,bench_nqueens_functional.mor,sml-typed,93151974000
469,bench_nqueens_functional.mor,sml-typed,92960835000
470,bench_nqueens_functional.mor,sml-first_order,91925930000
471,bench_nqueens_functional.mor,sml-first_order,92119052000
472,bench_nqueens_functional.mor,sml-first_order,92118890000
473,bench_nqueens_functional.mor,sml-first_order,92811387000
474,bench_nqueens_functional.mor,sml-first_order,91919313000
475,bench_nqueens_functional.mor,sml-first_order,92344654000
476,bench_nqueens_functional.mor,sml-first_order,91988298000
477,bench_nqueens_functional.mor,sml-first_order,92353770000
478,bench_nqueens_functional.mor,sml-first_order,92058305000
479,bench_nqueens_functional.mor,sml-first_order,92234095000
480,bench_nqueens_functional.mor,ocaml-typed,120097745892
481,bench_nqueens_functional.mor,ocaml-typed,120430443761
482,bench_nqueens_functional.mor,ocaml-typed,121026356218
483,bench_nqueens_functional.mor,ocaml-typed,120431989191
484,bench_nqueens_functional.mor,ocaml-typed,120028459070
485,bench_nqueens_functional.mor,ocaml-typed,120593145130
486,bench_nqueens_functional.mor,ocaml-typed,122729501961
487,bench_nqueens_functional.mor,ocaml-typed,120562500952
488,bench_nqueens_functional.mor,ocaml-typed,121767203090
489,bench_nqueens_functional.mor,ocaml-typed,121532599923
490,bench_nqueens_functional.mor,ocaml-first_order,120437710997
491,bench_nqueens_functional.mor,ocaml-first_order,121086248157
492,bench_nqueens_functional.mor,ocaml-first_order,122176375865
493,bench_nqueens_functional.mor,ocaml-first_order,121154123303
494,bench_nqueens_functional.mor,ocaml-first_order,123455109832
495,bench_nqueens_functional.mor,ocaml-first_order,122055078981
496,bench_nqueens_functional.mor,ocaml-first_order,122570764063
497,bench_nqueens_functional.mor,ocaml-first_order,120411853788
498,bench_nqueens_functional.mor,ocaml-first_order,122699352262
499,bench_nqueens_functional.mor,ocaml-first_order,122159981010
500,bench_nqueens_iterative.mor,llvm-record_time-default-rc-cow,901067049
501,bench_nqueens_iterative.mor,llvm-record_time-default-rc-cow,898168057
502,bench_nqueens_iterative.mor,llvm-record_time-default-rc-cow,894732424
503,bench_nqueens_iterative.mor,llvm-record_time-default-rc-cow,898084630
504,bench_nqueens_iterative.mor,llvm-record_time-default-rc-cow,894211418
505,bench_nqueens_iterative.mor,llvm-record_time-default-rc-cow,893978213
506,bench_nqueens_iterative.mor,llvm-record_time-default-rc-cow,894492298
507,bench_nqueens_iterative.mor,llvm-record_time-default-rc-cow,894648725
508,bench_nqueens_iterative.mor,llvm-record_time-default-rc-cow,894549591
509,bench_nqueens_iterative.mor,llvm-record_time-default-rc-cow,896148247
510,bench_nqueens_iterative.mor,llvm-record_time-default-rc-persistent,862074888
511,bench_nqueens_iterative.mor,llvm-record_time-default-rc-persistent,861878811
512,bench_nqueens_iterative.mor,llvm-record_time-default-rc-persistent,862585211
513,bench_nqueens_iterative.mor,llvm-record_time-default-rc-persistent,862043701
514,bench_nqueens_iterative.mor,llvm-record_time-default-rc-persistent,864434398
515,bench_nqueens_iterative.mor,llvm-record_time-default-rc-persistent,861004007
516,bench_nqueens_iterative.mor,llvm-record_time-default-rc-persistent,864809530
517,bench_nqueens_iterative.mor,llvm-record_time-default-rc-persistent,863510302
518,bench_nqueens_iterative.mor,llvm-record_time-default-rc-persistent,861995201
519,bench_nqueens_iterative.mor,llvm-record_time-default-rc-persistent,862898477
520,bench_nqueens_iterative.mor,llvm-record_time-perceus-rc-cow,820834162
521,bench_nqueens_iterative.mor,llvm-record_time-perceus-rc-cow,821998856
522,bench_nqueens_iterative.mor,llvm-record_time-perceus-rc-cow,821768426
523,bench_nqueens_iterative.mor,llvm-record_time-perceus-rc-cow,823804164
524,bench_nqueens_iterative.mor,llvm-record_time-perceus-rc-cow,821205171
525,bench_nqueens_iterative.mor,llvm-record_time-perceus-rc-cow,820897337
526,bench_nqueens_iterative.mor,llvm-record_time-perceus-rc-cow,821101359
527,bench_nqueens_iterative.mor,llvm-record_time-perceus-rc-cow,825531683
528,bench_nqueens_iterative.mor,llvm-record_time-perceus-rc-cow,821143395
529,bench_nqueens_iterative.mor,llvm-record_time-perceus-rc-cow,821846330
530,bench_nqueens_iterative.mor,llvm-record_time-perceus-rc-persistent,1061559379
531,bench_nqueens_iterative.mor,llvm-record_time-perceus-rc-persistent,1064173878
532,bench_nqueens_iterative.mor,llvm-record_time-perceus-rc-persistent,1061946687
533,bench_nqueens_iterative.mor,llvm-record_time-perceus-rc-persistent,1064728904
534,bench_nqueens_iterative.mor,llvm-record_time-perceus-rc-persistent,1063047332
535,bench_nqueens_iterative.mor,llvm-record_time-perceus-rc-persistent,1062938325
536,bench_nqueens_iterative.mor,llvm-record_time-perceus-rc-persistent,1061901104
537,bench_nqueens_iterative.mor,llvm-record_time-perceus-rc-persistent,1063560180
538,bench_nqueens_iterative.mor,llvm-record_time-perceus-rc-persistent,1060945941
539,bench_nqueens_iterative.mor,llvm-record_time-perceus-rc-persistent,1060729123
540,bench_nqueens_iterative.mor,llvm-record_time-default-bdw-persistent,1052272977
541,bench_nqueens_iterative.mor,llvm-record_time-default-bdw-persistent,1055680958
542,bench_nqueens_iterative.mor,llvm-record_time-default-bdw-persistent,1057261547
543,bench_nqueens_iterative.mor,llvm-record_time-default-bdw-persistent,1056576892
544,bench_nqueens_iterative.mor,llvm-record_time-default-bdw-persistent,1053335556
545,bench_nqueens_iterative.mor,llvm-record_time-default-bdw-persistent,1054004893
546,bench_nqueens_iterative.mor,llvm-record_time-default-bdw-persistent,1054469747
547,bench_nqueens_iterative.mor,llvm-record_time-default-bdw-persistent,1060406237
548,bench_nqueens_iterative.mor,llvm-record_time-default-bdw-persistent,1054759124
549,bench_nqueens_iterative.mor,llvm-record_time-default-bdw-persistent,1055107734
550,bench_nqueens_iterative.mor,llvm-record_time-perceus-bdw-persistent,1058098044
551,bench_nqueens_iterative.mor,llvm-record_time-perceus-bdw-persistent,1069775093
552,bench_nqueens_iterative.mor,llvm-record_time-perceus-bdw-persistent,1075261882
553,bench_nqueens_iterative.mor,llvm-record_time-perceus-bdw-persistent,1052594307
554,bench_nqueens_iterative.mor,llvm-record_time-perceus-bdw-persistent,1059226967
555,bench_nqueens_iterative.mor,llvm-record_time-perceus-bdw-persistent,1062565149
556,bench_nqueens_iterative.mor,llvm-record_time-perceus-bdw-persistent,1054114463
557,bench_nqueens_iterative.mor,llvm-record_time-perceus-bdw-persistent,1059429254
558,bench_nqueens_iterative.mor,llvm-record_time-perceus-bdw-persistent,1054641566
559,bench_nqueens_iterative.mor,llvm-record_time-perceus-bdw-persistent,1058798970
560,bench_nqueens_iterative.mor,sml-typed,14340810000
561,bench_nqueens_iterative.mor,sml-typed,14329249000
562,bench_nqueens_iterative.mor,sml-typed,14339656000
563,bench_nqueens_iterative.mor,sml-typed,14345035000
564,bench_nqueens_iterative.mor,sml-typed,14326040000
565,bench_nqueens_iterative.mor,sml-typed,14328611000
566,bench_nqueens_iterative.mor,sml-typed,14362681000
567,bench_nqueens_iterative.mor,sml-typed,14338187000
568,bench_nqueens_iterative.mor,sml-typed,14321071000
569,bench_nqueens_iterative.mor,sml-typed,14334285000
570,bench_nqueens_iterative.mor,sml-first_order,14300296000
571,bench_nqueens_iterative.mor,sml-first_order,14329712000
572,bench_nqueens_iterative.mor,sml-first_order,14282408000
573,bench_nqueens_iterative.mor,sml-first_order,14426751000
574,bench_nqueens_iterative.mor,sml-first_order,14284073000
575,bench_nqueens_iterative.mor,sml-first_order,14279427000
576,bench_nqueens_iterative.mor,sml-first_order,14274577000
577,bench_nqueens_iterative.mor,sml-first_order,14290694000
578,bench_nqueens_iterative.mor,sml-first_order,14281849000
579,bench_nqueens_iterative.mor,sml-first_order,14268510000
580,bench_nqueens_iterative.mor,ocaml-typed,35294964073
581,bench_nqueens_iterative.mor,ocaml-typed,35334061859
582,bench_nqueens_iterative.mor,ocaml-typed,35302951810
583,bench_nqueens_iterative.mor,ocaml-typed,35288636682
584,bench_nqueens_iterative.mor,ocaml-typed,35322245118
585,bench_nqueens_iterative.mor,ocaml-typed,35293387887
586,bench_nqueens_iterative.mor,ocaml-typed,35610995053
587,bench_nqueens_iterative.mor,ocaml-typed,35755165097
588,bench_nqueens_iterative.mor,ocaml-typed,35584373948
589,bench_nqueens_iterative.mor,ocaml-typed,35402475116
590,bench_nqueens_iterative.mor,ocaml-first_order,35317130086
591,bench_nqueens_iterative.mor,ocaml-first_order,35318655964
592,bench_nqueens_iterative.mor,ocaml-first_order,35226567983
593,bench_nqueens_iterative.mor,ocaml-first_order,35265005110
594,bench_nqueens_iterative.mor,ocaml-first_order,35206643102
595,bench_nqueens_iterative.mor,ocaml-first_order,35202183245
596,bench_nqueens_iterative.mor,ocaml-first_order,35268303153
597,bench_nqueens_iterative.mor,ocaml-first_order,35235678910
598,bench_nqueens_iterative.mor,ocaml-first_order,35214576957
599,bench_nqueens_iterative.mor,ocaml-first_order,35238101004
600,bench_parse_json.mor,llvm-record_time-default-rc-cow,125983643
601,bench_parse_json.mor,llvm-record_time-default-rc-cow,125739586
602,bench_parse_json.mor,llvm-record_time-default-rc-cow,125135725
603,bench_parse_json.mor,llvm-record_time-default-rc-cow,126573667
604,bench_parse_json.mor,llvm-record_time-default-rc-cow,126164644
605,bench_parse_json.mor,llvm-record_time-default-rc-cow,126395048
606,bench_parse_json.mor,llvm-record_time-default-rc-cow,125216537
607,bench_parse_json.mor,llvm-record_time-default-rc-cow,126551377
608,bench_parse_json.mor,llvm-record_time-default-rc-cow,125982056
609,bench_parse_json.mor,llvm-record_time-default-rc-cow,125250061
610,bench_parse_json.mor,llvm-record_time-default-rc-persistent,224153357
611,bench_parse_json.mor,llvm-record_time-default-rc-persistent,223717707
612,bench_parse_json.mor,llvm-record_time-default-rc-persistent,223399206
613,bench_parse_json.mor,llvm-record_time-default-rc-persistent,223515220
614,bench_parse_json.mor,llvm-record_time-default-rc-persistent,223592864
615,bench_parse_json.mor,llvm-record_time-default-rc-persistent,223319286
616,bench_parse_json.mor,llvm-record_time-default-rc-persistent,223653297
617,bench_parse_json.mor,llvm-record_time-default-rc-persistent,223877726
618,bench_parse_json.mor,llvm-record_time-default-rc-persistent,223559316
619,bench_parse_json.mor,llvm-record_time-default-rc-persistent,223921504
620,bench_parse_json.mor,llvm-record_time-perceus-rc-cow,342389972
621,bench_parse_json.mor,llvm-record_time-perceus-rc-cow,342432273
622,bench_parse_json.mor,llvm-record_time-perceus-rc-cow,343417889
623,bench_parse_json.mor,llvm-record_time-perceus-rc-cow,342359728
624,bench_parse_json.mor,llvm-record_time-perceus-rc-cow,341922895
625,bench_parse_json.mor,llvm-record_time-perceus-rc-cow,343483787
626,bench_parse_json.mor,llvm-record_time-perceus-rc-cow,341948930
627,bench_parse_json.mor,llvm-record_time-perceus-rc-cow,343000406
628,bench_parse_json.mor,llvm-record_time-perceus-rc-cow,341812067
629,bench_parse_json.mor,llvm-record_time-perceus-rc-cow,343698106
630,bench_parse_json.mor,llvm-record_time-perceus-rc-persistent,857871102
631,bench_parse_json.mor,llvm-record_time-perceus-rc-persistent,857921633
632,bench_parse_json.mor,llvm-record_time-perceus-rc-persistent,859580849
633,bench_parse_json.mor,llvm-record_time-perceus-rc-persistent,859015961
634,bench_parse_json.mor,llvm-record_time-perceus-rc-persistent,858165768
635,bench_parse_json.mor,llvm-record_time-perceus-rc-persistent,857915662
636,bench_parse_json.mor,llvm-record_time-perceus-rc-persistent,859463398
637,bench_parse_json.mor,llvm-record_time-perceus-rc-persistent,857931160
638,bench_parse_json.mor,llvm-record_time-perceus-rc-persistent,857894081
639,bench_parse_json.mor,llvm-record_time-perceus-rc-persistent,858238587
640,bench_parse_json.mor,llvm-record_time-default-bdw-persistent,471119571
641,bench_parse_json.mor,llvm-record_time-default-bdw-persistent,461622971
642,bench_parse_json.mor,llvm-record_time-default-bdw-persistent,466471658
643,bench_parse_json.mor,llvm-record_time-default-bdw-persistent,460129946
644,bench_parse_json.mor,llvm-record_time-default-bdw-persistent,473959878
645,bench_parse_json.mor,llvm-record_time-default-bdw-persistent,461939077
646,bench_parse_json.mor,llvm-record_time-default-bdw-persistent,456776813
647,bench_parse_json.mor,llvm-record_time-default-bdw-persistent,466253063
648,bench_parse_json.mor,llvm-record_time-default-bdw-persistent,459191257
649,bench_parse_json.mor,llvm-record_time-default-bdw-persistent,471253526
650,bench_parse_json.mor,llvm-record_time-perceus-bdw-persistent,455371635
651,bench_parse_json.mor,llvm-record_time-perceus-bdw-persistent,461578836
652,bench_parse_json.mor,llvm-record_time-perceus-bdw-persistent,492692371
653,bench_parse_json.mor,llvm-record_time-perceus-bdw-persistent,459016795
654,bench_parse_json.mor,llvm-record_time-perceus-bdw-persistent,460678407
655,bench_parse_json.mor,llvm-record_time-perceus-bdw-persistent,461178540
656,bench_parse_json.mor,llvm-record_time-perceus-bdw-persistent,453021958
657,bench_parse_json.mor,llvm-record_time-perceus-bdw-persistent,459213602
658,bench_parse_json.mor,llvm-record_time-perceus-bdw-persistent,453467574
659,bench_parse_json.mor,llvm-record_time-perceus-bdw-persistent,460044235
660,bench_parse_json.mor,sml-typed,4818896000
661,bench_parse_json.mor,sml-typed,4822666000
662,bench_parse_json.mor,sml-typed,4839322000
663,bench_parse_json.mor,sml-typed,4821164000
664,bench_parse_json.mor,sml-typed,4817309000
665,bench_parse_json.mor,sml-typed,4836180000
666,bench_parse_json.mor,sml-typed,4821240000
667,bench_parse_json.mor,sml-typed,4835922000
668,bench_parse_json.mor,sml-typed,4841202000
669,bench_parse_json.mor,sml-typed,4841603000
670,bench_parse_json.mor,sml-first_order,3507365000
671,bench_parse_json.mor,sml-first_order,3516858000
672,bench_parse_json.mor,sml-first_order,3509704000
673,bench_parse_json.mor,sml-first_order,3518888000
674,bench_parse_json.mor,sml-first_order,3521261000
675,bench_parse_json.mor,sml-first_order,3518186000
676,bench_parse_json.mor,sml-first_order,3529973000
677,bench_parse_json.mor,sml-first_order,3521027000
678,bench_parse_json.mor,sml-first_order,3526942000
679,bench_parse_json.mor,sml-first_order,3511849000
680,bench_parse_json.mor,ocaml-typed,11563957924
681,bench_parse_json.mor,ocaml-typed,11543124673
682,bench_parse_json.mor,ocaml-typed,11535285944
683,bench_parse_json.mor,ocaml-typed,11546409840
684,bench_parse_json.mor,ocaml-typed,11569288249
685,bench_parse_json.mor,ocaml-typed,11531895871
686,bench_parse_json.mor,ocaml-typed,11592456097
687,bench_parse_json.mor,ocaml-typed,11537308212
688,bench_parse_json.mor,ocaml-typed,11592340227
689,bench_parse_json.mor,ocaml-typed,11534038062
690,bench_parse_json.mor,ocaml-first_order,10686363691
691,bench_parse_json.mor,ocaml-first_order,10644326444
692,bench_parse_json.mor,ocaml-first_order,10691850895
693,bench_parse_json.mor,ocaml-first_order,10658684964
694,bench_parse_json.mor,ocaml-first_order,10668063875
695,bench_parse_json.mor,ocaml-first_order,10654865976
696,bench_parse_json.mor,ocaml-first_order,10703252550
697,bench_parse_json.mor,ocaml-first_order,10668045992
698,bench_parse_json.mor,ocaml-first_order,10674443239
699,bench_parse_json.mor,ocaml-first_order,10654487130
700,bench_primes_sieve.mor,llvm-record_time-default-rc-cow,12447038
701,bench_primes_sieve.mor,llvm-record_time-default-rc-cow,12442467
702,bench_primes_sieve.mor,llvm-record_time-default-rc-cow,12507686
703,bench_primes_sieve.mor,llvm-record_time-default-rc-cow,12418433
704,bench_primes_sieve.mor,llvm-record_time-default-rc-cow,12448085
705,bench_primes_sieve.mor,llvm-record_time-default-rc-cow,12507850
706,bench_primes_sieve.mor,llvm-record_time-default-rc-cow,12447196
707,bench_primes_sieve.mor,llvm-record_time-default-rc-cow,12522907
708,bench_primes_sieve.mor,llvm-record_time-default-rc-cow,12459500
709,bench_primes_sieve.mor,llvm-record_time-default-rc-cow,12440452
710,bench_primes_sieve.mor,llvm-record_time-default-rc-persistent,40890732
711,bench_primes_sieve.mor,llvm-record_time-default-rc-persistent,40814800
712,bench_primes_sieve.mor,llvm-record_time-default-rc-persistent,41176019
713,bench_primes_sieve.mor,llvm-record_time-default-rc-persistent,40899948
714,bench_primes_sieve.mor,llvm-record_time-default-rc-persistent,40688453
715,bench_primes_sieve.mor,llvm-record_time-default-rc-persistent,40860679
716,bench_primes_sieve.mor,llvm-record_time-default-rc-persistent,40809962
717,bench_primes_sieve.mor,llvm-record_time-default-rc-persistent,40989246
718,bench_primes_sieve.mor,llvm-record_time-default-rc-persistent,41008499
719,bench_primes_sieve.mor,llvm-record_time-default-rc-persistent,40807206
720,bench_primes_sieve.mor,llvm-record_time-perceus-rc-cow,12419038
721,bench_primes_sieve.mor,llvm-record_time-perceus-rc-cow,12510063
722,bench_primes_sieve.mor,llvm-record_time-perceus-rc-cow,12430142
723,bench_primes_sieve.mor,llvm-record_time-perceus-rc-cow,12443301
724,bench_primes_sieve.mor,llvm-record_time-perceus-rc-cow,12443717
725,bench_primes_sieve.mor,llvm-record_time-perceus-rc-cow,12432553
726,bench_primes_sieve.mor,llvm-record_time-perceus-rc-cow,12485253
727,bench_primes_sieve.mor,llvm-record_time-perceus-rc-cow,12416620
728,bench_primes_sieve.mor,llvm-record_time-perceus-rc-cow,12371167
729,bench_primes_sieve.mor,llvm-record_time-perceus-rc-cow,12453103
730,bench_primes_sieve.mor,llvm-record_time-perceus-rc-persistent,41400135
731,bench_primes_sieve.mor,llvm-record_time-perceus-rc-persistent,41588186
732,bench_primes_sieve.mor,llvm-record_time-perceus-rc-persistent,41594244
733,bench_primes_sieve.mor,llvm-record_time-perceus-rc-persistent,41627004
734,bench_primes_sieve.mor,llvm-record_time-perceus-rc-persistent,41571104
735,bench_primes_sieve.mor,llvm-record_time-perceus-rc-persistent,41619018
736,bench_primes_sieve.mor,llvm-record_time-perceus-rc-persistent,41579389
737,bench_primes_sieve.mor,llvm-record_time-perceus-rc-persistent,41562123
738,bench_primes_sieve.mor,llvm-record_time-perceus-rc-persistent,41634484
739,bench_primes_sieve.mor,llvm-record_time-perceus-rc-persistent,41603170
740,bench_primes_sieve.mor,llvm-record_time-default-bdw-persistent,367143865
741,bench_primes_sieve.mor,llvm-record_time-default-bdw-persistent,381968578
742,bench_primes_sieve.mor,llvm-record_time-default-bdw-persistent,366161450
743,bench_primes_sieve.mor,llvm-record_time-default-bdw-persistent,365771431
744,bench_primes_sieve.mor,llvm-record_time-default-bdw-persistent,370418676
745,bench_primes_sieve.mor,llvm-record_time-default-bdw-persistent,367882050
746,bench_primes_sieve.mor,llvm-record_time-default-bdw-persistent,368230014
747,bench_primes_sieve.mor,llvm-record_time-default-bdw-persistent,377699130
748,bench_primes_sieve.mor,llvm-record_time-default-bdw-persistent,382061734
749,bench_primes_sieve.mor,llvm-record_time-default-bdw-persistent,369320106
750,bench_primes_sieve.mor,llvm-record_time-perceus-bdw-persistent,369421403
751,bench_primes_sieve.mor,llvm-record_time-perceus-bdw-persistent,381020850
752,bench_primes_sieve.mor,llvm-record_time-perceus-bdw-persistent,367382594
753,bench_primes_sieve.mor,llvm-record_time-perceus-bdw-persistent,368590409
754,bench_primes_sieve.mor,llvm-record_time-perceus-bdw-persistent,378903234
755,bench_primes_sieve.mor,llvm-record_time-perceus-bdw-persistent,364964825
756,bench_primes_sieve.mor,llvm-record_time-perceus-bdw-persistent,364833210
757,bench_primes_sieve.mor,llvm-record_time-perceus-bdw-persistent,386584173
758,bench_primes_sieve.mor,llvm-record_time-perceus-bdw-persistent,366409767
759,bench_primes_sieve.mor,llvm-record_time-perceus-bdw-persistent,367245704
760,bench_primes_sieve.mor,sml-typed,1800087000
761,bench_primes_sieve.mor,sml-typed,1775140000
762,bench_primes_sieve.mor,sml-typed,1779257000
763,bench_primes_sieve.mor,sml-typed,1794816000
764,bench_primes_sieve.mor,sml-typed,1790278000
765,bench_primes_sieve.mor,sml-typed,1782935000
766,bench_primes_sieve.mor,sml-typed,1808882000
767,bench_primes_sieve.mor,sml-typed,1785215000
768,bench_primes_sieve.mor,sml-typed,1788926000
769,bench_primes_sieve.mor,sml-typed,1801238000
770,bench_primes_sieve.mor,sml-first_order,1695457000
771,bench_primes_sieve.mor,sml-first_order,1684936000
772,bench_primes_sieve.mor,sml-first_order,1689157000
773,bench_primes_sieve.mor,sml-first_order,1685008000
774,bench_primes_sieve.mor,sml-first_order,1701385000
775,bench_primes_sieve.mor,sml-first_order,1686918000
776,bench_primes_sieve.mor,sml-first_order,1693856000
777,bench_primes_sieve.mor,sml-first_order,1688015000
778,bench_primes_sieve.mor,sml-first_order,1694547000
779,bench_primes_sieve.mor,sml-first_order,1701347000
780,bench_primes_sieve.mor,ocaml-typed,2558487360
781,bench_primes_sieve.mor,ocaml-typed,2518632838
782,bench_primes_sieve.mor,ocaml-typed,2505180306
783,bench_primes_sieve.mor,ocaml-typed,2495515773
784,bench_primes_sieve.mor,ocaml-typed,2530070973
785,bench_primes_sieve.mor,ocaml-typed,2496832794
786,bench_primes_sieve.mor,ocaml-typed,2524020861
787,bench_primes_sieve.mor,ocaml-typed,2495209882
788,bench_primes_sieve.mor,ocaml-typed,2507134149
789,bench_primes_sieve.mor,ocaml-typed,2498819779
790,bench_primes_sieve.mor,ocaml-first_order,2534575893
791,bench_primes_sieve.mor,ocaml-first_order,2483559083
792,bench_primes_sieve.mor,ocaml-first_order,2597378683
793,bench_primes_sieve.mor,ocaml-first_order,2488343900
794,bench_primes_sieve.mor,ocaml-first_order,2479737702
795,bench_primes_sieve.mor,ocaml-first_order,2480982014
796,bench_primes_sieve.mor,ocaml-first_order,2481699652
797,bench_primes_sieve.mor,ocaml-first_order,2489097786
798,bench_primes_sieve.mor,ocaml-first_order,2723343081
799,bench_primes_sieve.mor,ocaml-first_order,2492649979
800,bench_rbtree.mor,llvm-record_time-default-rc-cow,4056717918
801,bench_rbtree.mor,llvm-record_time-default-rc-cow,4114653299
802,bench_rbtree.mor,llvm-record_time-default-rc-cow,4057517241
803,bench_rbtree.mor,llvm-record_time-default-rc-cow,4068960230
804,bench_rbtree.mor,llvm-record_time-default-rc-cow,4071984510
805,bench_rbtree.mor,llvm-record_time-default-rc-cow,4077166766
806,bench_rbtree.mor,llvm-record_time-default-rc-cow,4060887336
807,bench_rbtree.mor,llvm-record_time-default-rc-cow,4062673592
808,bench_rbtree.mor,llvm-record_time-default-rc-cow,4066290072
809,bench_rbtree.mor,llvm-record_time-default-rc-cow,4059809390
810,bench_rbtree.mor,llvm-record_time-default-rc-persistent,4185377661
811,bench_rbtree.mor,llvm-record_time-default-rc-persistent,4164623247
812,bench_rbtree.mor,llvm-record_time-default-rc-persistent,4164265619
813,bench_rbtree.mor,llvm-record_time-default-rc-persistent,4161717843
814,bench_rbtree.mor,llvm-record_time-default-rc-persistent,4160126829
815,bench_rbtree.mor,llvm-record_time-default-rc-persistent,4157674520
816,bench_rbtree.mor,llvm-record_time-default-rc-persistent,4162724873
817,bench_rbtree.mor,llvm-record_time-default-rc-persistent,4167192088
818,bench_rbtree.mor,llvm-record_time-default-rc-persistent,4161114297
819,bench_rbtree.mor,llvm-record_time-default-rc-persistent,4157634309
820,bench_rbtree.mor,llvm-record_time-perceus-rc-cow,6572563953
821,bench_rbtree.mor,llvm-record_time-perceus-rc-cow,6539809608
822,bench_rbtree.mor,llvm-record_time-perceus-rc-cow,6570073099
823,bench_rbtree.mor,llvm-record_time-perceus-rc-cow,6559394119
824,bench_rbtree.mor,llvm-record_time-perceus-rc-cow,6578824868
825,bench_rbtree.mor,llvm-record_time-perceus-rc-cow,6560352054
826,bench_rbtree.mor,llvm-record_time-perceus-rc-cow,6556527901
827,bench_rbtree.mor,llvm-record_time-perceus-rc-cow,6557211012
828,bench_rbtree.mor,llvm-record_time-perceus-rc-cow,6566755770
829,bench_rbtree.mor,llvm-record_time-perceus-rc-cow,6564608467
830,bench_rbtree.mor,llvm-record_time-perceus-rc-persistent,6399064828
831,bench_rbtree.mor,llvm-record_time-perceus-rc-persistent,6398349049
832,bench_rbtree.mor,llvm-record_time-perceus-rc-persistent,6400884833
833,bench_rbtree.mor,llvm-record_time-perceus-rc-persistent,6398115752
834,bench_rbtree.mor,llvm-record_time-perceus-rc-persistent,6391139925
835,bench_rbtree.mor,llvm-record_time-perceus-rc-persistent,6387789434
836,bench_rbtree.mor,llvm-record_time-perceus-rc-persistent,6415292960
837,bench_rbtree.mor,llvm-record_time-perceus-rc-persistent,6417235811
838,bench_rbtree.mor,llvm-record_time-perceus-rc-persistent,6403676644
839,bench_rbtree.mor,llvm-record_time-perceus-rc-persistent,6409858991
840,bench_rbtree.mor,llvm-record_time-default-bdw-persistent,8160061066
841,bench_rbtree.mor,llvm-record_time-default-bdw-persistent,8098282708
842,bench_rbtree.mor,llvm-record_time-default-bdw-persistent,8164048362
843,bench_rbtree.mor,llvm-record_time-default-bdw-persistent,8138676074
844,bench_rbtree.mor,llvm-record_time-default-bdw-persistent,8161263576
845,bench_rbtree.mor,llvm-record_time-default-bdw-persistent,8132585762
846,bench_rbtree.mor,llvm-record_time-default-bdw-persistent,8159198483
847,bench_rbtree.mor,llvm-record_time-default-bdw-persistent,8121229206
848,bench_rbtree.mor,llvm-record_time-default-bdw-persistent,8172612524
849,bench_rbtree.mor,llvm-record_time-default-bdw-persistent,8124295741
850,bench_rbtree.mor,llvm-record_time-perceus-bdw-persistent,8208327870
851,bench_rbtree.mor,llvm-record_time-perceus-bdw-persistent,8175975797
852,bench_rbtree.mor,llvm-record_time-perceus-bdw-persistent,8196479947
853,bench_rbtree.mor,llvm-record_time-perceus-bdw-persistent,8150645316
854,bench_rbtree.mor,llvm-record_time-perceus-bdw-persistent,8204708885
855,bench_rbtree.mor,llvm-record_time-perceus-bdw-persistent,8165030220
856,bench_rbtree.mor,llvm-record_time-perceus-bdw-persistent,8201776826
857,bench_rbtree.mor,llvm-record_time-perceus-bdw-persistent,8160523430
858,bench_rbtree.mor,llvm-record_time-perceus-bdw-persistent,8194197597
859,bench_rbtree.mor,llvm-record_time-perceus-bdw-persistent,8164620425
860,bench_rbtree.mor,sml-typed,5590281000
861,bench_rbtree.mor,sml-typed,5584724000
862,bench_rbtree.mor,sml-typed,5581186000
863,bench_rbtree.mor,sml-typed,5575908000
864,bench_rbtree.mor,sml-typed,5595128000
865,bench_rbtree.mor,sml-typed,5557664000
866,bench_rbtree.mor,sml-typed,5582034000
867,bench_rbtree.mor,sml-typed,5566532000
868,bench_rbtree.mor,sml-typed,5610144000
869,bench_rbtree.mor,sml-typed,5578967000
870,bench_rbtree.mor,sml-first_order,5488998000
871,bench_rbtree.mor,sml-first_order,5505804000
872,bench_rbtree.mor,sml-first_order,5480184000
873,bench_rbtree.mor,sml-first_order,5486599000
874,bench_rbtree.mor,sml-first_order,5497614000
875,bench_rbtree.mor,sml-first_order,5484306000
876,bench_rbtree.mor,sml-first_order,5506443000
877,bench_rbtree.mor,sml-first_order,5495269000
878,bench_rbtree.mor,sml-first_order,5497691000
879,bench_rbtree.mor,sml-first_order,5512114000
880,bench_rbtree.mor,ocaml-typed,1670811649
881,bench_rbtree.mor,ocaml-typed,1683256144
882,bench_rbtree.mor,ocaml-typed,1674688811
883,bench_rbtree.mor,ocaml-typed,1681953186
884,bench_rbtree.mor,ocaml-typed,1673299069
885,bench_rbtree.mor,ocaml-typed,1683599228
886,bench_rbtree.mor,ocaml-typed,1674176927
887,bench_rbtree.mor,ocaml-typed,1677613969
888,bench_rbtree.mor,ocaml-typed,1677295681
889,bench_rbtree.mor,ocaml-typed,1680084940
890,bench_rbtree.mor,ocaml-first_order,1649394506
891,bench_rbtree.mor,ocaml-first_order,1658531898
892,bench_rbtree.mor,ocaml-first_order,1648118965
893,bench_rbtree.mor,ocaml-first_order,1657968040
894,bench_rbtree.mor,ocaml-first_order,1648499960
895,bench_rbtree.mor,ocaml-first_order,1658625121
896,bench_rbtree.mor,ocaml-first_order,1649279589
897,bench_rbtree.mor,ocaml-first_order,1658113712
898,bench_rbtree.mor,ocaml-first_order,1649101015
899,bench_rbtree.mor,ocaml-first_order,1656020159
900,bench_rbtree_ck.mor,llvm-record_time-default-rc-cow,6231228601
901,bench_rbtree_ck.mor,llvm-record_time-default-rc-cow,6236639209
902,bench_rbtree_ck.mor,llvm-record_time-default-rc-cow,6209620763
903,bench_rbtree_ck.mor,llvm-record_time-default-rc-cow,6235996221
904,bench_rbtree_ck.mor,llvm-record_time-default-rc-cow,6229036474
905,bench_rbtree_ck.mor,llvm-record_time-default-rc-cow,6224837313
906,bench_rbtree_ck.mor,llvm-record_time-default-rc-cow,6244030240
907,bench_rbtree_ck.mor,llvm-record_time-default-rc-cow,6233032394
908,bench_rbtree_ck.mor,llvm-record_time-default-rc-cow,6232400178
909,bench_rbtree_ck.mor,llvm-record_time-default-rc-cow,6245139630
910,bench_rbtree_ck.mor,llvm-record_time-default-rc-persistent,7701273502
911,bench_rbtree_ck.mor,llvm-record_time-default-rc-persistent,7674507548
912,bench_rbtree_ck.mor,llvm-record_time-default-rc-persistent,7697421808
913,bench_rbtree_ck.mor,llvm-record_time-default-rc-persistent,7715925915
914,bench_rbtree_ck.mor,llvm-record_time-default-rc-persistent,7719755589
915,bench_rbtree_ck.mor,llvm-record_time-default-rc-persistent,7687897089
916,bench_rbtree_ck.mor,llvm-record_time-default-rc-persistent,7685885424
917,bench_rbtree_ck.mor,llvm-record_time-default-rc-persistent,7696200217
918,bench_rbtree_ck.mor,llvm-record_time-default-rc-persistent,7725519771
919,bench_rbtree_ck.mor,llvm-record_time-default-rc-persistent,7684891823
920,bench_rbtree_ck.mor,llvm-record_time-perceus-rc-cow,8596728806
921,bench_rbtree_ck.mor,llvm-record_time-perceus-rc-cow,8613550507
922,bench_rbtree_ck.mor,llvm-record_time-perceus-rc-cow,8611638406
923,bench_rbtree_ck.mor,llvm-record_time-perceus-rc-cow,8610165445
924,bench_rbtree_ck.mor,llvm-record_time-perceus-rc-cow,8590929375
925,bench_rbtree_ck.mor,llvm-record_time-perceus-rc-cow,8621609767
926,bench_rbtree_ck.mor,llvm-record_time-perceus-rc-cow,8589185900
927,bench_rbtree_ck.mor,llvm-record_time-perceus-rc-cow,8628047966
928,bench_rbtree_ck.mor,llvm-record_time-perceus-rc-cow,8597336448
929,bench_rbtree_ck.mor,llvm-record_time-perceus-rc-cow,8612608151
930,bench_rbtree_ck.mor,llvm-record_time-perceus-rc-persistent,11403146629
931,bench_rbtree_ck.mor,llvm-record_time-perceus-rc-persistent,11390578985
932,bench_rbtree_ck.mor,llvm-record_time-perceus-rc-persistent,11403750912
933,bench_rbtree_ck.mor,llvm-record_time-perceus-rc-persistent,11393422452
934,bench_rbtree_ck.mor,llvm-record_time-perceus-rc-persistent,11420933441
935,bench_rbtree_ck.mor,llvm-record_time-perceus-rc-persistent,11406458517
936,bench_rbtree_ck.mor,llvm-record_time-perceus-rc-persistent,11409266238
937,bench_rbtree_ck.mor,llvm-record_time-perceus-rc-persistent,11394196764
938,bench_rbtree_ck.mor,llvm-record_time-perceus-rc-persistent,11412379448
939,bench_rbtree_ck.mor,llvm-record_time-perceus-rc-persistent,11389127947
940,bench_rbtree_ck.mor,llvm-record_time-default-bdw-persistent,11840475876
941,bench_rbtree_ck.mor,llvm-record_time-default-bdw-persistent,11726162793
942,bench_rbtree_ck.mor,llvm-record_time-default-bdw-persistent,11804887264
943,bench_rbtree_ck.mor,llvm-record_time-default-bdw-persistent,11734476409
944,bench_rbtree_ck.mor,llvm-record_time-default-bdw-persistent,11827968771
945,bench_rbtree_ck.mor,llvm-record_time-default-bdw-persistent,11705252029
946,bench_rbtree_ck.mor,llvm-record_time-default-bdw-persistent,11804457517
947,bench_rbtree_ck.mor,llvm-record_time-default-bdw-persistent,11743556944
948,bench_rbtree_ck.mor,llvm-record_time-default-bdw-persistent,11783376442
949,bench_rbtree_ck.mor,llvm-record_time-default-bdw-persistent,11741388612
950,bench_rbtree_ck.mor,llvm-record_time-perceus-bdw-persistent,11802535276
951,bench_rbtree_ck.mor,llvm-record_time-perceus-bdw-persistent,11739569755
952,bench_rbtree_ck.mor,llvm-record_time-perceus-bdw-persistent,11810507894
953,bench_rbtree_ck.mor,llvm-record_time-perceus-bdw-persistent,11762859298
954,bench_rbtree_ck.mor,llvm-record_time-perceus-bdw-persistent,11823270033
955,bench_rbtree_ck.mor,llvm-record_time-perceus-bdw-persistent,11759507013
956,bench_rbtree_ck.mor,llvm-record_time-perceus-bdw-persistent,11784187352
957,bench_rbtree_ck.mor,llvm-record_time-perceus-bdw-persistent,11827018746
958,bench_rbtree_ck.mor,llvm-record_time-perceus-bdw-persistent,11761431576
959,bench_rbtree_ck.mor,llvm-record_time-perceus-bdw-persistent,11842279855
960,bench_rbtree_ck.mor,sml-typed,7057275000
961,bench_rbtree_ck.mor,sml-typed,7093322000
962,bench_rbtree_ck.mor,sml-typed,7071106000
963,bench_rbtree_ck.mor,sml-typed,7083133000
964,bench_rbtree_ck.mor,sml-typed,7065351000
965,bench_rbtree_ck.mor,sml-typed,7101434000
966,bench_rbtree_ck.mor,sml-typed,7063289000
967,bench_rbtree_ck.mor,sml-typed,7086113000
968,bench_rbtree_ck.mor,sml-typed,7067791000
969,bench_rbtree_ck.mor,sml-typed,7080401000
970,bench_rbtree_ck.mor,sml-first_order,7320647000
971,bench_rbtree_ck.mor,sml-first_order,7363205000
972,bench_rbtree_ck.mor,sml-first_order,7307530000
973,bench_rbtree_ck.mor,sml-first_order,7336111000
974,bench_rbtree_ck.mor,sml-first_order,7314491000
975,bench_rbtree_ck.mor,sml-first_order,7354453000
976,bench_rbtree_ck.mor,sml-first_order,7311869000
977,bench_rbtree_ck.mor,sml-first_order,7334367000
978,bench_rbtree_ck.mor,sml-first_order,7313413000
979,bench_rbtree_ck.mor,sml-first_order,7314741000
980,bench_rbtree_ck.mor,ocaml-typed,4240854021
981,bench_rbtree_ck.mor,ocaml-typed,4215383523
982,bench_rbtree_ck.mor,ocaml-typed,4230993027
983,bench_rbtree_ck.mor,ocaml-typed,4235537763
984,bench_rbtree_ck.mor,ocaml-typed,4240825410
985,bench_rbtree_ck.mor,ocaml-typed,4215180630
986,bench_rbtree_ck.mor,ocaml-typed,4221465105
987,bench_rbtree_ck.mor,ocaml-typed,4252113814
988,bench_rbtree_ck.mor,ocaml-typed,4230841156
989,bench_rbtree_ck.mor,ocaml-typed,4217741961
990,bench_rbtree_ck.mor,ocaml-first_order,4110837930
991,bench_rbtree_ck.mor,ocaml-first_order,4130960700
992,bench_rbtree_ck.mor,ocaml-first_order,4111213202
993,bench_rbtree_ck.mor,ocaml-first_order,4095561976
994,bench_rbtree_ck.mor,ocaml-first_order,4108956094
995,bench_rbtree_ck.mor,ocaml-first_order,4121397966
996,bench_rbtree_ck.mor,ocaml-first_order,4122668261
997,bench_rbtree_ck.mor,ocaml-first_order,4121671196
998,bench_rbtree_ck.mor,ocaml-first_order,4119883294
999,bench_rbtree_ck.mor,ocaml-first_order,4104289287
1000,bench_text_stats.mor,llvm-record_time-default-rc-cow,137144525
1001,bench_text_stats.mor,llvm-record_time-default-rc-cow,139660244
1002,bench_text_stats.mor,llvm-record_time-default-rc-cow,138503111
1003,bench_text_stats.mor,llvm-record_time-default-rc-cow,141363423
1004,bench_text_stats.mor,llvm-record_time-default-rc-cow,143392020
1005,bench_text_stats.mor,llvm-record_time-default-rc-cow,143328147
1006,bench_text_stats.mor,llvm-record_time-default-rc-cow,144856097
1007,bench_text_stats.mor,llvm-record_time-default-rc-cow,143806372
1008,bench_text_stats.mor,llvm-record_time-default-rc-cow,144736243
1009,bench_text_stats.mor,llvm-record_time-default-rc-cow,143832234
1010,bench_text_stats.mor,llvm-record_time-default-rc-persistent,972430603
1011,bench_text_stats.mor,llvm-record_time-default-rc-persistent,973485837
1012,bench_text_stats.mor,llvm-record_time-default-rc-persistent,977378324
1013,bench_text_stats.mor,llvm-record_time-default-rc-persistent,964497084
1014,bench_text_stats.mor,llvm-record_time-default-rc-persistent,976094576
1015,bench_text_stats.mor,llvm-record_time-default-rc-persistent,974661694
1016,bench_text_stats.mor,llvm-record_time-default-rc-persistent,971181416
1017,bench_text_stats.mor,llvm-record_time-default-rc-persistent,965687180
1018,bench_text_stats.mor,llvm-record_time-default-rc-persistent,977113470
1019,bench_text_stats.mor,llvm-record_time-default-rc-persistent,966750452
1020,bench_text_stats.mor,llvm-record_time-perceus-rc-cow,280136429
1021,bench_text_stats.mor,llvm-record_time-perceus-rc-cow,276254972
1022,bench_text_stats.mor,llvm-record_time-perceus-rc-cow,275748302
1023,bench_text_stats.mor,llvm-record_time-perceus-rc-cow,275783525
1024,bench_text_stats.mor,llvm-record_time-perceus-rc-cow,275572861
1025,bench_text_stats.mor,llvm-record_time-perceus-rc-cow,275859452
1026,bench_text_stats.mor,llvm-record_time-perceus-rc-cow,298824275
1027,bench_text_stats.mor,llvm-record_time-perceus-rc-cow,276541260
1028,bench_text_stats.mor,llvm-record_time-perceus-rc-cow,275869705
1029,bench_text_stats.mor,llvm-record_time-perceus-rc-cow,276052797
1030,bench_text_stats.mor,llvm-record_time-perceus-rc-persistent,900949419
1031,bench_text_stats.mor,llvm-record_time-perceus-rc-persistent,902562235
1032,bench_text_stats.mor,llvm-record_time-perceus-rc-persistent,893759863
1033,bench_text_stats.mor,llvm-record_time-perceus-rc-persistent,900313208
1034,bench_text_stats.mor,llvm-record_time-perceus-rc-persistent,895815422
1035,bench_text_stats.mor,llvm-record_time-perceus-rc-persistent,891320762
1036,bench_text_stats.mor,llvm-record_time-perceus-rc-persistent,895865664
1037,bench_text_stats.mor,llvm-record_time-perceus-rc-persistent,905863346
1038,bench_text_stats.mor,llvm-record_time-perceus-rc-persistent,904883628
1039,bench_text_stats.mor,llvm-record_time-perceus-rc-persistent,892708874
1040,bench_text_stats.mor,llvm-record_time-default-bdw-persistent,1279574143
1041,bench_text_stats.mor,llvm-record_time-default-bdw-persistent,1270130662
1042,bench_text_stats.mor,llvm-record_time-default-bdw-persistent,1281389676
1043,bench_text_stats.mor,llvm-record_time-default-bdw-persistent,1272209220
1044,bench_text_stats.mor,llvm-record_time-default-bdw-persistent,1280899934
1045,bench_text_stats.mor,llvm-record_time-default-bdw-persistent,1271162132
1046,bench_text_stats.mor,llvm-record_time-default-bdw-persistent,1284068490
1047,bench_text_stats.mor,llvm-record_time-default-bdw-persistent,1265707603
1048,bench_text_stats.mor,llvm-record_time-default-bdw-persistent,1282955387
1049,bench_text_stats.mor,llvm-record_time-default-bdw-persistent,1272766006
1050,bench_text_stats.mor,llvm-record_time-perceus-bdw-persistent,1279797583
1051,bench_text_stats.mor,llvm-record_time-perceus-bdw-persistent,1274274923
1052,bench_text_stats.mor,llvm-record_time-perceus-bdw-persistent,1278213470
1053,bench_text_stats.mor,llvm-record_time-perceus-bdw-persistent,1272847256
1054,bench_text_stats.mor,llvm-record_time-perceus-bdw-persistent,1282109893
1055,bench_text_stats.mor,llvm-record_time-perceus-bdw-persistent,1271728238
1056,bench_text_stats.mor,llvm-record_time-perceus-bdw-persistent,1287147757
1057,bench_text_stats.mor,llvm-record_time-perceus-bdw-persistent,1276391198
1058,bench_text_stats.mor,llvm-record_time-perceus-bdw-persistent,1285094160
1059,bench_text_stats.mor,llvm-record_time-perceus-bdw-persistent,1275504318
1060,bench_text_stats.mor,sml-typed,2856031000
1061,bench_text_stats.mor,sml-typed,2836991000
1062,bench_text_stats.mor,sml-typed,2847331000
1063,bench_text_stats.mor,sml-typed,2841142000
1064,bench_text_stats.mor,sml-typed,2828161000
1065,bench_text_stats.mor,sml-typed,2851280000
1066,bench_text_stats.mor,sml-typed,2853101000
1067,bench_text_stats.mor,sml-typed,2852168000
1068,bench_text_stats.mor,sml-typed,2847493000
1069,bench_text_stats.mor,sml-typed,2853218000
1070,bench_text_stats.mor,sml-first_order,2844471000
1071,bench_text_stats.mor,sml-first_order,2839617000
1072,bench_text_stats.mor,sml-first_order,2848357000
1073,bench_text_stats.mor,sml-first_order,2861082000
1074,bench_text_stats.mor,sml-first_order,2838408000
1075,bench_text_stats.mor,sml-first_order,2849342000
1076,bench_text_stats.mor,sml-first_order,2843798000
1077,bench_text_stats.mor,sml-first_order,2847675000
1078,bench_text_stats.mor,sml-first_order,2846641000
1079,bench_text_stats.mor,sml-first_order,2841778000
1080,bench_text_stats.mor,ocaml-typed,10120809301
1081,bench_text_stats.mor,ocaml-typed,10036118017
1082,bench_text_stats.mor,ocaml-typed,10058644042
1083,bench_text_stats.mor,ocaml-typed,10051279288
1084,bench_text_stats.mor,ocaml-typed,10080802663
1085,bench_text_stats.mor,ocaml-typed,10059181198
1086,bench_text_stats.mor,ocaml-typed,10100641954
1087,bench_text_stats.mor,ocaml-typed,10036975367
1088,bench_text_stats.mor,ocaml-typed,10079392419
1089,bench_text_stats.mor,ocaml-typed,10027127249
1090,bench_text_stats.mor,ocaml-first_order,9739705072
1091,bench_text_stats.mor,ocaml-first_order,9718029482
1092,bench_text_stats.mor,ocaml-first_order,9765598997
1093,bench_text_stats.mor,ocaml-first_order,9703547225
1094,bench_text_stats.mor,ocaml-first_order,9739273294
1095,bench_text_stats.mor,ocaml-first_order,9685085998
1096,bench_text_stats.mor,ocaml-first_order,9739690290
1097,bench_text_stats.mor,ocaml-first_order,9692054494
1098,bench_text_stats.mor,ocaml-first_order,9737812977
1099,bench_text_stats.mor,ocaml-first_order,9673043476
1100,bench_unify.mor,llvm-record_time-default-rc-cow,89684764
1101,bench_unify.mor,llvm-record_time-default-rc-cow,92493021
1102,bench_unify.mor,llvm-record_time-default-rc-cow,91765804
1103,bench_unify.mor,llvm-record_time-default-rc-cow,92055663
1104,bench_unify.mor,llvm-record_time-default-rc-cow,92265476
1105,bench_unify.mor,llvm-record_time-default-rc-cow,91597742
1106,bench_unify.mor,llvm-record_time-default-rc-cow,91474130
1107,bench_unify.mor,llvm-record_time-default-rc-cow,90952205
1108,bench_unify.mor,llvm-record_time-default-rc-cow,91559727
1109,bench_unify.mor,llvm-record_time-default-rc-cow,91464993
1110,bench_unify.mor,llvm-record_time-default-rc-persistent,132371812
1111,bench_unify.mor,llvm-record_time-default-rc-persistent,132314192
1112,bench_unify.mor,llvm-record_time-default-rc-persistent,133325163
1113,bench_unify.mor,llvm-record_time-default-rc-persistent,132367866
1114,bench_unify.mor,llvm-record_time-default-rc-persistent,132689046
1115,bench_unify.mor,llvm-record_time-default-rc-persistent,132423628
1116,bench_unify.mor,llvm-record_time-default-rc-persistent,134087046
1117,bench_unify.mor,llvm-record_time-default-rc-persistent,132652989
1118,bench_unify.mor,llvm-record_time-default-rc-persistent,132801081
1119,bench_unify.mor,llvm-record_time-default-rc-persistent,133241426
1120,bench_unify.mor,llvm-record_time-perceus-rc-cow,95720049
1121,bench_unify.mor,llvm-record_time-perceus-rc-cow,95662827
1122,bench_unify.mor,llvm-record_time-perceus-rc-cow,95799832
1123,bench_unify.mor,llvm-record_time-perceus-rc-cow,95939623
1124,bench_unify.mor,llvm-record_time-perceus-rc-cow,95664633
1125,bench_unify.mor,llvm-record_time-perceus-rc-cow,96036654
1126,bench_unify.mor,llvm-record_time-perceus-rc-cow,96775137
1127,bench_unify.mor,llvm-record_time-perceus-rc-cow,95931381
1128,bench_unify.mor,llvm-record_time-perceus-rc-cow,96107612
1129,bench_unify.mor,llvm-record_time-perceus-rc-cow,95376325
1130,bench_unify.mor,llvm-record_time-perceus-rc-persistent,135994968
1131,bench_unify.mor,llvm-record_time-perceus-rc-persistent,143126122
1132,bench_unify.mor,llvm-record_time-perceus-rc-persistent,135891222
1133,bench_unify.mor,llvm-record_time-perceus-rc-persistent,135694308
1134,bench_unify.mor,llvm-record_time-perceus-rc-persistent,135707832
1135,bench_unify.mor,llvm-record_time-perceus-rc-persistent,135917130
1136,bench_unify.mor,llvm-record_time-perceus-rc-persistent,137155844
1137,bench_unify.mor,llvm-record_time-perceus-rc-persistent,135621154
1138,bench_unify.mor,llvm-record_time-perceus-rc-persistent,135807127
1139,bench_unify.mor,llvm-record_time-perceus-rc-persistent,135945454
1140,bench_unify.mor,llvm-record_time-default-bdw-persistent,743378629
1141,bench_unify.mor,llvm-record_time-default-bdw-persistent,732444523
1142,bench_unify.mor,llvm-record_time-default-bdw-persistent,711128844
1143,bench_unify.mor,llvm-record_time-default-bdw-persistent,737196978
1144,bench_unify.mor,llvm-record_time-default-bdw-persistent,738326199
1145,bench_unify.mor,llvm-record_time-default-bdw-persistent,727766884
1146,bench_unify.mor,llvm-record_time-default-bdw-persistent,711783132
1147,bench_unify.mor,llvm-record_time-default-bdw-persistent,727512950
1148,bench_unify.mor,llvm-record_time-default-bdw-persistent,722047646
1149,bench_unify.mor,llvm-record_time-default-bdw-persistent,730423242
1150,bench_unify.mor,llvm-record_time-perceus-bdw-persistent,729050637
1151,bench_unify.mor,llvm-record_time-perceus-bdw-persistent,720990114
1152,bench_unify.mor,llvm-record_time-perceus-bdw-persistent,718961864
1153,bench_unify.mor,llvm-record_time-perceus-bdw-persistent,733456854
1154,bench_unify.mor,llvm-record_time-perceus-bdw-persistent,701329999
1155,bench_unify.mor,llvm-record_time-perceus-bdw-persistent,728344429
1156,bench_unify.mor,llvm-record_time-perceus-bdw-persistent,739378961
1157,bench_unify.mor,llvm-record_time-perceus-bdw-persistent,711709863
1158,bench_unify.mor,llvm-record_time-perceus-bdw-persistent,735504681
1159,bench_unify.mor,llvm-record_time-perceus-bdw-persistent,702347922
1160,bench_unify.mor,sml-typed,1225953000
1161,bench_unify.mor,sml-typed,1230083000
1162,bench_unify.mor,sml-typed,1228688000
1163,bench_unify.mor,sml-typed,1231695000
1164,bench_unify.mor,sml-typed,1232500000
1165,bench_unify.mor,sml-typed,1231958000
1166,bench_unify.mor,sml-typed,1235485000
1167,bench_unify.mor,sml-typed,1225103000
1168,bench_unify.mor,sml-typed,1225540000
1169,bench_unify.mor,sml-typed,1226062000
1170,bench_unify.mor,sml-first_order,1194976000
1171,bench_unify.mor,sml-first_order,1205378000
1172,bench_unify.mor,sml-first_order,1196610000
1173,bench_unify.mor,sml-first_order,1205011000
1174,bench_unify.mor,sml-first_order,1196568000
1175,bench_unify.mor,sml-first_order,1202460000
1176,bench_unify.mor,sml-first_order,1195965000
1177,bench_unify.mor,sml-first_order,1201068000
1178,bench_unify.mor,sml-first_order,1198403000
1179,bench_unify.mor,sml-first_order,1202443000
1180,bench_unify.mor,ocaml-typed,1389087915
1181,bench_unify.mor,ocaml-typed,1373651981
1182,bench_unify.mor,ocaml-typed,1378405094
1183,bench_unify.mor,ocaml-typed,1378149986
1184,bench_unify.mor,ocaml-typed,1381767034
1185,bench_unify.mor,ocaml-typed,1377595901
1186,bench_unify.mor,ocaml-typed,1380223989
1187,bench_unify.mor,ocaml-typed,1377178907
1188,bench_unify.mor,ocaml-typed,1386981964
1189,bench_unify.mor,ocaml-typed,1379940032
1190,bench_unify.mor,ocaml-first_order,1396278142
1191,bench_unify.mor,ocaml-first_order,1402190208
1192,bench_unify.mor,ocaml-first_order,1388721942
1193,bench_unify.mor,ocaml-first_order,1389094114
1194,bench_unify.mor,ocaml-first_order,1390492916
1195,bench_unify.mor,ocaml-first_order,1382261991
1196,bench_unify.mor,ocaml-first_order,1387775897
1197,bench_unify.mor,ocaml-first_order,1387150049
1198,bench_unify.mor,ocaml-first_order,1390662908
1199,bench_unify.mor,ocaml-first_order,1385935068
1200,bench_words_trie.mor,llvm-record_time-default-rc-cow,17676466
1201,bench_words_trie.mor,llvm-record_time-default-rc-cow,16758734
1202,bench_words_trie.mor,llvm-record_time-default-rc-cow,17616338
1203,bench_words_trie.mor,llvm-record_time-default-rc-cow,16849143
1204,bench_words_trie.mor,llvm-record_time-default-rc-cow,17080053
1205,bench_words_trie.mor,llvm-record_time-default-rc-cow,17129035
1206,bench_words_trie.mor,llvm-record_time-default-rc-cow,17324097
1207,bench_words_trie.mor,llvm-record_time-default-rc-cow,17053706
1208,bench_words_trie.mor,llvm-record_time-default-rc-cow,17703658
1209,bench_words_trie.mor,llvm-record_time-default-rc-cow,17015428
1210,bench_words_trie.mor,llvm-record_time-default-rc-persistent,65160036
1211,bench_words_trie.mor,llvm-record_time-default-rc-persistent,64148565
1212,bench_words_trie.mor,llvm-record_time-default-rc-persistent,64397772
1213,bench_words_trie.mor,llvm-record_time-default-rc-persistent,64044997
1214,bench_words_trie.mor,llvm-record_time-default-rc-persistent,63833445
1215,bench_words_trie.mor,llvm-record_time-default-rc-persistent,64469809
1216,bench_words_trie.mor,llvm-record_time-default-rc-persistent,64156363
1217,bench_words_trie.mor,llvm-record_time-default-rc-persistent,64442613
1218,bench_words_trie.mor,llvm-record_time-default-rc-persistent,64025763
1219,bench_words_trie.mor,llvm-record_time-default-rc-persistent,64416012
1220,bench_words_trie.mor,llvm-record_time-perceus-rc-cow,22233574
1221,bench_words_trie.mor,llvm-record_time-perceus-rc-cow,21741761
1222,bench_words_trie.mor,llvm-record_time-perceus-rc-cow,22372119
1223,bench_words_trie.mor,llvm-record_time-perceus-rc-cow,21722434
1224,bench_words_trie.mor,llvm-record_time-perceus-rc-cow,21946389
1225,bench_words_trie.mor,llvm-record_time-perceus-rc-cow,22162373
1226,bench_words_trie.mor,llvm-record_time-perceus-rc-cow,21937095
1227,bench_words_trie.mor,llvm-record_time-perceus-rc-cow,22411164
1228,bench_words_trie.mor,llvm-record_time-perceus-rc-cow,21943448
1229,bench_words_trie.mor,llvm-record_time-perceus-rc-cow,22329826
1230,bench_words_trie.mor,llvm-record_time-perceus-rc-persistent,78493175
1231,bench_words_trie.mor,llvm-record_time-perceus-rc-persistent,77748776
1232,bench_words_trie.mor,llvm-record_time-perceus-rc-persistent,78136183
1233,bench_words_trie.mor,llvm-record_time-perceus-rc-persistent,77716433
1234,bench_words_trie.mor,llvm-record_time-perceus-rc-persistent,78149824
1235,bench_words_trie.mor,llvm-record_time-perceus-rc-persistent,77726971
1236,bench_words_trie.mor,llvm-record_time-perceus-rc-persistent,77931360
1237,bench_words_trie.mor,llvm-record_time-perceus-rc-persistent,77747311
1238,bench_words_trie.mor,llvm-record_time-perceus-rc-persistent,77914041
1239,bench_words_trie.mor,llvm-record_time-perceus-rc-persistent,77872858
1240,bench_words_trie.mor,llvm-record_time-default-bdw-persistent,115380585
1241,bench_words_trie.mor,llvm-record_time-default-bdw-persistent,119201324
1242,bench_words_trie.mor,llvm-record_time-default-bdw-persistent,115254936
1243,bench_words_trie.mor,llvm-record_time-default-bdw-persistent,116922046
1244,bench_words_trie.mor,llvm-record_time-default-bdw-persistent,114397292
1245,bench_words_trie.mor,llvm-record_time-default-bdw-persistent,115468381
1246,bench_words_trie.mor,llvm-record_time-default-bdw-persistent,113678112
1247,bench_words_trie.mor,llvm-record_time-default-bdw-persistent,115994361
1248,bench_words_trie.mor,llvm-record_time-default-bdw-persistent,114449557
1249,bench_words_trie.mor,llvm-record_time-default-bdw-persistent,116291544
1250,bench_words_trie.mor,llvm-record_time-perceus-bdw-persistent,117158492
1251,bench_words_trie.mor,llvm-record_time-perceus-bdw-persistent,116954826
1252,bench_words_trie.mor,llvm-record_time-perceus-bdw-persistent,114416474
1253,bench_words_trie.mor,llvm-record_time-perceus-bdw-persistent,114922836
1254,bench_words_trie.mor,llvm-record_time-perceus-bdw-persistent,116910047
1255,bench_words_trie.mor,llvm-record_time-perceus-bdw-persistent,116074613
1256,bench_words_trie.mor,llvm-record_time-perceus-bdw-persistent,113139199
1257,bench_words_trie.mor,llvm-record_time-perceus-bdw-persistent,116251681
1258,bench_words_trie.mor,llvm-record_time-perceus-bdw-persistent,117054018
1259,bench_words_trie.mor,llvm-record_time-perceus-bdw-persistent,115981277
1260,bench_words_trie.mor,sml-typed,449668000
1261,bench_words_trie.mor,sml-typed,453781000
1262,bench_words_trie.mor,sml-typed,449207000
1263,bench_words_trie.mor,sml-typed,450980000
1264,bench_words_trie.mor,sml-typed,450302000
1265,bench_words_trie.mor,sml-typed,451074000
1266,bench_words_trie.mor,sml-typed,449835000
1267,bench_words_trie.mor,sml-typed,452311000
1268,bench_words_trie.mor,sml-typed,450827000
1269,bench_words_trie.mor,sml-typed,451054000
1270,bench_words_trie.mor,sml-first_order,480410000
1271,bench_words_trie.mor,sml-first_order,483696000
1272,bench_words_trie.mor,sml-first_order,480135000
1273,bench_words_trie.mor,sml-first_order,480514000
1274,bench_words_trie.mor,sml-first_order,482472000
1275,bench_words_trie.mor,sml-first_order,481682000
1276,bench_words_trie.mor,sml-first_order,481872000
1277,bench_words_trie.mor,sml-first_order,479171000
1278,bench_words_trie.mor,sml-first_order,482171000
1279,bench_words_trie.mor,sml-first_order,478460000
1280,bench_words_trie.mor,ocaml-typed,641126866
1281,bench_words_trie.mor,ocaml-typed,646347041
1282,bench_words_trie.mor,ocaml-typed,636965746
1283,bench_words_trie.mor,ocaml-typed,643726820
1284,bench_words_trie.mor,ocaml-typed,639137978
1285,bench_words_trie.mor,ocaml-typed,639638896
1286,bench_words_trie.mor,ocaml-typed,648386950
1287,bench_words_trie.mor,ocaml-typed,639708753
1288,bench_words_trie.mor,ocaml-typed,644135709
1289,bench_words_trie.mor,ocaml-typed,641477103
1290,bench_words_trie.mor,ocaml-first_order,630695100
1291,bench_words_trie.mor,ocaml-first_order,631750103
1292,bench_words_trie.mor,ocaml-first_order,629920717
1293,bench_words_trie.mor,ocaml-first_order,635026212
1294,bench_words_trie.mor,ocaml-first_order,630660052
1295,bench_words_trie.mor,ocaml-first_order,628729814
1296,bench_words_trie.mor,ocaml-first_order,633311029
1297,bench_words_trie.mor,ocaml-first_order,630098099
1298,bench_words_trie.mor,ocaml-first_order,631986850
1299,bench_words_trie.mor,ocaml-first_order,629399295
